{
    "EBIT original": {
        "value": 70015,
        "year": 2020
    },
    "EBITDA original": {
        "value": 116337,
        "year": 2020
    },
    "EBIT": 100827.9125742671,
    "EBITDA": 167535.7689802544,
    "EV/EBITDA Multiple": 18.53,
    "EV/EBIT Multiple": 25.16,
    "Enterprise Value based on EBITDA (Kč thousands)": 3104437.799204114,
    "Enterprise Value based on EBIT (Kč thousands)": 2536830.2803685605
}