{
    "EBIT original": {
        "value": 82764,
        "year": 2023
    },
    "EBITDA original": {
        "value": 138112,
        "year": 2023
    },
    "EBIT": 90117.85728,
    "EBITDA": 150383.7115733333,
    "EV/EBITDA Multiple": 17.29,
    "EV/EBIT Multiple": 20.2,
    "Enterprise Value based on EBITDA (K\u010d thousands)": 2600134.3731029327,
    "Enterprise Value based on EBIT (K\u010d thousands)": 1820380.717056
}