{
    "EBIT original": {
        "value": 5524,
        "year": 2023
    },
    "EBITDA original": {
        "value": 86847,
        "year": 2023
    },
    "EBIT": 6014.825813333333,
    "EBITDA": 94563.64544,
    "EV/EBITDA Multiple": 18.53,
    "EV/EBIT Multiple": 25.16,
    "Enterprise Value based on EBITDA (Kč thousands)": 1752264.3500032,
    "Enterprise Value based on EBIT (Kč thousands)": 151333.01746346665
}